min_f,min_t,max_f,max_t
9527.3,0.0,52800.0,0.93867
9527.3,3.968,52800.0,5.29067
9527.3,7.25333,52800.0,8.832
9527.3,10.368,52800.0,10.944
